<?xml version="1.0" ?>
<install version="1.5.0" type="component">

	<name>Translations Manager</name>
	<creationDate>January 208</creationDate>
	<author>Ifan Evans</author>
	<copyright>(C) 2008 Ifan Evans</copyright>
	<authorEmail>post@ffenest.co.uk</authorEmail>
	<authorUrl></authorUrl>
	<version>1.5.0 RC4</version>

	<description>
		<![CDATA[
		<h2>Successfully installed Translations Manager</h2>
		Nice and easy management of languages and translation files.<br/>
		<ul>
		<li>Site, Administrator, Installation Languages</li>
		<li>Create, Edit, Delete Languages</li>
		<li>Create, Edit, Delete, Publish, Unpublish, Checkin, Checkout Translation Files</li>
		<li>Show Translation Progress for each file and language</li>
		<li>Automatically create missing Translation Files</li>
		<li>Create Language Installation Archives</li>
		</ul>
		<p>This component works on the language translation files of your Joomla installation - it will not work without reading, writing and renaming rights on the language directories and files.</p>
		<p><b>YOU SHOULD MAKE A BACKUP OF YOUR LANGUAGE FILES</b></p>
		<p></p>
		<p>Please report any bugs or issues to me at post@ffenest.co.uk</p>
		<p></p>
		<p>If you find this useful please consider making a <a href="https://www.paypal.com/cgi-bin/webscr?cmd=_xclick&business=ifan%40rhiannon%2eco%2euk&item_name=Donation - Translation Manager - Thank You&no_shipping=2&no_note=1&tax=0&currency_code=GBP&lc=GB&bn=PP%2dDonationsBF&charset=UTF%2d8">Donation</a></p>
		<p>Thank you - Diolch yn Fawr</p>
		]]>
	</description>

	<administration>
		<menu img="class:language">Translation Manager</menu>
		<files>
			<filename>css/translationsmanager.css</filename>
			<filename>css/index.html</filename>
			<filename>elements/fflanguages.php</filename>
			<filename>elements/index.html</filename>
			<filename>images/index.html</filename>
			<filename>images/default.png</filename>
			<filename>images/reset9.png</filename>
			<filename>images/warning.png</filename>
			<filename>images/xml.png</filename>
			<filename>js/translationsmanager.js</filename>
			<filename>js/index.html</filename>
			<filename>views/index.html</filename>
			<filename>views/translations/index.html</filename>
			<filename>views/translations/view.html.php</filename>
			<filename>views/translations/tmpl/credits.php</filename>
			<filename>views/translations/tmpl/edit.php</filename>
			<filename>views/translations/tmpl/editxml.php</filename>
			<filename>views/translations/tmpl/files.php</filename>
			<filename>views/translations/tmpl/index.html</filename>
			<filename>views/translations/tmpl/languages.php</filename>
			<filename>admin.translationsmanager.php</filename>
			<filename>CHANGELOG.php</filename>
			<filename>config.xml</filename>
			<filename>controller.php</filename>
			<filename>helper.php</filename>
			<filename>index.html</filename>
		</files>
		<languages>
			<language tag="bg-BG">bg-BG.com_translationsmanager.ini</language>
			<language tag="ca-AD">ca-AD.com_translationsmanager.ini</language>
			<language tag="cy-GB">cy-GB.com_translationsmanager.ini</language>
			<language tag="cy-GB">cy-GB.com_translationsmanager.menu.ini</language>
			<language tag="da-DK">da-DK.com_translationsmanager.ini</language>
			<language tag="de-DE">de-DE.com_translationsmanager.ini</language>
			<language tag="de-DE">de-DE.com_translationsmanager.menu.ini</language>
			<language tag="de-DE">de-DE.com_translationsmanager.menu.ini</language>
			<language tag="en-GB">en-GB.com_translationsmanager.ini</language>
			<language tag="es-ES">es-ES.com_translationsmanager.ini</language>
			<language tag="hu-HU">hu-HU.com_translationsmanager.ini</language>
			<language tag="nb-NO">nb-NO.com_translationsmanager.ini</language>
			<language tag="nl-NL">nl-NL.com_translationsmanager.ini</language>
			<language tag="sv-SE">sv-SE.com_translationsmanager.ini</language>
		</languages>
	</administration>

</install>